id,first_name,last_name,email,gender,ip_address
1,Hollyanne,Hovey,hhovey0@hugedomains.com,Female,201.61.167.203
2,Piggy,Moyler,pmoyler1@godaddy.com,Male,49.22.83.136
3,Homer,Morcomb,hmorcomb2@reverbnation.com,Male,255.77.77.117
4,Audie,Swain,aswain3@seesaa.net,Female,132.113.88.37
5,Sebastian,McClure,smcclure4@princeton.edu,Male,7.205.17.48
6,Arley,Maslen,amaslen5@multiply.com,Male,178.192.142.251
7,Kit,Copnall,kcopnall6@aboutads.info,Polygender,120.82.9.154
8,Zondra,Pesticcio,zpesticcio7@npr.org,Female,149.58.217.144
9,Eloise,Cloke,ecloke8@flavors.me,Female,131.75.243.12
10,Laure,Lovemore,llovemore9@boston.com,Female,88.74.172.241
11,Brana,Goodhew,bgoodhewa@cbsnews.com,Female,234.209.171.87
12,Xylia,Farens,xfarensb@dion.ne.jp,Female,80.184.203.126
13,Thomasina,Shortall,tshortallc@imgur.com,Female,179.215.44.255
14,Gerick,Arnould,garnouldd@smugmug.com,Male,20.163.220.126
15,Jaymee,Bartlomiejczyk,jbartlomiejczyke@goodreads.com,Female,141.50.248.189
16,Nicole,Kelk,nkelkf@histats.com,Female,182.88.136.197
17,Buffy,Heino,bheinog@google.es,Female,229.136.163.164
18,Merla,Catt,mcatth@squidoo.com,Female,184.21.243.244
19,Rafe,Bourton,rbourtoni@purevolume.com,Male,156.189.198.36
20,Peirce,Tearney,ptearneyj@jalbum.net,Male,211.16.14.71
21,Tiffanie,MacCathay,tmaccathayk@newyorker.com,Female,54.79.87.139
22,Elisabetta,Lowin,elowinl@thetimes.co.uk,Female,147.141.103.150
23,Frans,Perri,fperrim@1und1.de,Male,178.67.224.136
24,Ferrel,Korpolak,fkorpolakn@simplemachines.org,Male,52.214.126.213
25,Lennie,Borrel,lborrelo@mlb.com,Male,100.21.133.42
26,Bendick,Mellonby,bmellonbyp@sourceforge.net,Male,147.225.19.209
27,Gladys,McTerlagh,gmcterlaghq@goo.gl,Female,113.250.133.109
28,Gerry,Prayer,gprayerr@amazon.com,Female,103.170.200.154
29,Taylor,Kinset,tkinsets@rakuten.co.jp,Male,91.15.231.247
30,Archaimbaud,Fold,afoldt@ezinearticles.com,Male,173.241.157.85
31,Dana,Westphal,dwestphalu@abc.net.au,Female,86.226.252.6
32,Samson,Franzelini,sfranzeliniv@addthis.com,Male,67.39.87.51
33,Filberte,Perschke,fperschkew@sphinn.com,Male,205.92.126.151
34,Shellie,Daggett,sdaggettx@hexun.com,Female,126.72.107.30
35,Matias,Korb,mkorby@msn.com,Male,141.248.104.13
36,Thalia,Morrieson,tmorriesonz@epa.gov,Female,105.47.167.159
37,Hillie,Styant,hstyant10@123-reg.co.uk,Male,224.29.35.235
38,Nelle,Lintin,nlintin11@opera.com,Female,106.155.226.56
39,Lefty,Bridgwater,lbridgwater12@dailymail.co.uk,Male,255.206.178.252
40,Mikael,Kures,mkures13@hc360.com,Male,225.107.60.248
41,Adria,Pinel,apinel14@ted.com,Female,202.6.4.109
42,Tiff,Bennellick,tbennellick15@topsy.com,Female,146.227.237.34
43,Nichole,Stoves,nstoves16@usa.gov,Male,150.181.115.205
44,Barby,Szwarc,bszwarc17@amazon.com,Female,81.37.148.223
45,Josh,Blackater,jblackater18@yahoo.com,Male,24.75.184.190
46,Arri,Markwick,amarkwick19@mapquest.com,Male,242.14.21.55
47,Base,Burn,bburn1a@globo.com,Male,101.32.50.62
48,Joletta,Bakster,jbakster1b@dagondesign.com,Polygender,223.205.61.169
49,Yehudit,Ellin,yellin1c@salon.com,Male,192.12.3.196
50,Persis,Haruard,pharuard1d@biglobe.ne.jp,Female,135.224.149.224
51,Brnaby,Shills,bshills1e@huffingtonpost.com,Male,62.14.28.212
52,Nessi,Burburough,nburburough1f@chron.com,Female,205.214.208.31
53,Averell,Kingscote,akingscote1g@friendfeed.com,Male,26.75.54.147
54,Hortense,Amys,hamys1h@nsw.gov.au,Female,16.142.115.12
55,Greggory,Druhan,gdruhan1i@prnewswire.com,Male,130.183.195.118
56,Baily,Lobley,blobley1j@utexas.edu,Genderqueer,204.216.8.121
57,Reggi,Stoakley,rstoakley1k@arizona.edu,Female,187.209.246.115
58,Leta,Waldrum,lwaldrum1l@canalblog.com,Female,79.181.24.1
59,Marty,Iffland,miffland1m@plala.or.jp,Agender,225.139.211.9
60,Fonsie,Browse,fbrowse1n@unicef.org,Male,232.170.195.58
61,Tammie,De Metz,tdemetz1o@chron.com,Male,127.38.84.156
62,Paulette,Laughren,plaughren1p@creativecommons.org,Female,170.206.107.251
63,Hill,Genders,hgenders1q@lulu.com,Male,250.223.77.5
64,Vinnie,Grange,vgrange1r@discovery.com,Female,112.131.126.225
65,Marlene,Olyff,molyff1s@simplemachines.org,Female,135.97.187.142
66,Deeanne,Ramshay,dramshay1t@odnoklassniki.ru,Female,6.0.56.36
67,Nettie,Grimsell,ngrimsell1u@google.nl,Female,208.106.199.163
68,Sharity,Pagel,spagel1v@abc.net.au,Female,149.214.202.168
69,Egbert,Pidduck,epidduck1w@flickr.com,Male,198.35.111.212
70,Clarie,Hainning,chainning1x@cornell.edu,Female,44.178.220.167
71,Coleman,Olander,colander1y@cocolog-nifty.com,Male,228.207.128.209
72,Bogey,Shepperd,bshepperd1z@ca.gov,Male,65.157.166.103
73,Luciano,Janes,ljanes20@epa.gov,Male,228.39.172.157
74,Walther,Whybrow,wwhybrow21@reverbnation.com,Male,223.120.77.228
75,Denise,Johl,djohl22@tuttocitta.it,Female,71.5.74.136
76,Oran,Grogono,ogrogono23@bigcartel.com,Male,180.89.198.9
77,Ingar,Pfeuffer,ipfeuffer24@wikia.com,Male,154.165.248.244
78,Allx,Deeves,adeeves25@gnu.org,Female,47.93.213.0
79,Jeremy,Blunt,jblunt26@issuu.com,Male,151.173.37.35
80,Celene,McGrath,cmcgrath27@hugedomains.com,Non-binary,117.102.147.44
81,Kerrin,Pochin,kpochin28@techcrunch.com,Female,77.137.176.26
82,Portia,Lindermann,plindermann29@si.edu,Female,51.254.14.194
83,Orran,Mara,omara2a@mapy.cz,Male,14.2.106.79
84,Lee,Puckring,lpuckring2b@businessweek.com,Female,1.233.101.100
85,Guthry,Pritchitt,gpritchitt2c@163.com,Male,166.130.23.70
86,Cass,Edds,cedds2d@flavors.me,Male,63.107.178.30
87,Flora,Brosio,fbrosio2e@ehow.com,Female,168.194.235.66
88,Kaila,McDowall,kmcdowall2f@google.ca,Female,62.159.64.15
89,Cort,Dawton,cdawton2g@amazonaws.com,Non-binary,140.38.58.228
90,Freddy,Tomek,ftomek2h@engadget.com,Female,128.210.136.238
91,Thorpe,Twinterman,ttwinterman2i@marriott.com,Male,230.32.198.137
92,Rouvin,Maraga,rmaraga2j@tinyurl.com,Male,189.78.110.117
93,Kalinda,Carragher,kcarragher2k@senate.gov,Female,76.60.144.129
94,Stoddard,Maddin,smaddin2l@vk.com,Female,77.192.18.121
95,Haven,Lange,hlange2m@wikipedia.org,Male,5.34.226.247
96,Mariana,Garling,mgarling2n@ocn.ne.jp,Female,128.44.110.158
97,Kandy,Hawkswell,khawkswell2o@ucsd.edu,Female,139.25.42.209
98,Beryl,Trevaskus,btrevaskus2p@1und1.de,Female,135.8.90.162
99,Simona,Crozier,scrozier2q@rediff.com,Female,198.180.27.145
100,Syd,Doull,sdoull2r@vimeo.com,Male,14.102.19.112
101,Spenser,Triebner,striebner2s@cbc.ca,Male,73.230.10.153
102,Dell,Webling,dwebling2t@cpanel.net,Female,98.176.192.34
103,Delmer,Buckhurst,dbuckhurst2u@sitemeter.com,Male,222.7.219.234
104,Laurena,Mandeville,lmandeville2v@meetup.com,Female,140.130.175.144
105,Malissa,Lynagh,mlynagh2w@opensource.org,Agender,234.31.144.39
106,Magdaia,Varcoe,mvarcoe2x@google.es,Female,178.185.196.32
107,Duncan,Burne,dburne2y@state.tx.us,Male,229.241.108.227
108,Carmelia,Andreini,candreini2z@baidu.com,Female,47.63.205.185
109,Klemens,Clarabut,kclarabut30@globo.com,Male,89.205.227.238
110,Concordia,Jouanny,cjouanny31@usnews.com,Female,102.116.49.167
111,Gasper,Wolsey,gwolsey32@indiegogo.com,Male,232.90.23.156
112,Jenifer,Garm,jgarm33@mapquest.com,Female,59.164.211.202
113,Steffie,Philipson,sphilipson34@tinyurl.com,Genderqueer,236.200.19.156
114,Wilie,Bains,wbains35@google.ca,Female,164.54.116.211
115,Itch,Davern,idavern36@tiny.cc,Male,106.164.155.15
116,Gaye,Rushmare,grushmare37@house.gov,Female,113.160.24.217
117,Hailey,Gaishson,hgaishson38@vk.com,Male,166.159.38.48
118,Marlyn,Wormell,mwormell39@about.me,Female,100.237.121.19
119,Prue,Tailour,ptailour3a@ocn.ne.jp,Female,156.201.92.55
120,Yalonda,Portinari,yportinari3b@dedecms.com,Female,70.145.121.68
121,Patrick,Stallworthy,pstallworthy3c@ning.com,Male,109.121.177.120
122,Martie,Lawrance,mlawrance3d@sciencedirect.com,Female,243.33.77.144
123,Louisette,Lumsdall,llumsdall3e@amazonaws.com,Female,246.151.185.132
124,Jayne,Terney,jterney3f@ftc.gov,Female,200.66.178.218
125,Kacey,De Marchi,kdemarchi3g@addtoany.com,Female,159.36.27.87
126,Godfrey,Nelane,gnelane3h@studiopress.com,Male,77.171.245.164
127,Bertie,Pilsbury,bpilsbury3i@clickbank.net,Male,243.67.52.185
128,Rudyard,Woodfield,rwoodfield3j@mayoclinic.com,Male,46.39.21.156
129,Udale,Lewsy,ulewsy3k@noaa.gov,Bigender,28.66.225.97
130,Vaughn,Cutbush,vcutbush3l@homestead.com,Male,104.72.200.217
131,Karlens,Isherwood,kisherwood3m@thetimes.co.uk,Male,163.190.30.228
132,Erhart,Wooder,ewooder3n@angelfire.com,Male,117.196.40.134
133,Herculie,Whenham,hwhenham3o@elpais.com,Male,30.112.159.182
134,Marielle,Reynault,mreynault3p@i2i.jp,Female,182.84.17.72
135,Denys,Dominguez,ddominguez3q@photobucket.com,Male,106.112.158.221
136,Brucie,Skoyles,bskoyles3r@google.com.br,Male,162.25.212.59
137,Floyd,Lembke,flembke3s@sogou.com,Male,221.101.35.238
138,Patricio,Shipman,pshipman3t@nbcnews.com,Male,179.36.6.252
139,Zebulon,Benedicte,zbenedicte3u@plala.or.jp,Male,208.76.189.121
140,Osborn,Rawlingson,orawlingson3v@shutterfly.com,Male,98.21.196.78
141,Viki,Richard,vrichard3w@amazon.com,Female,116.6.76.50
142,Ciel,Buckell,cbuckell3x@opera.com,Female,86.181.71.90
143,Phedra,Harpham,pharpham3y@walmart.com,Female,173.27.171.99
144,Balduin,Sholl,bsholl3z@themeforest.net,Male,253.11.77.214
145,Edita,Ouldred,eouldred40@opera.com,Female,50.168.109.88
146,Constantia,Heindrich,cheindrich41@123-reg.co.uk,Female,30.227.49.145
147,Anabal,Bruty,abruty42@storify.com,Female,140.183.47.81
148,Rosaline,Seeking,rseeking43@dailymotion.com,Non-binary,22.146.193.43
149,Akim,Robker,arobker44@myspace.com,Male,144.123.162.127
150,Web,Donlon,wdonlon45@intel.com,Male,36.143.7.187
151,Zeb,McAvaddy,zmcavaddy46@jimdo.com,Male,211.253.48.47
152,Carlin,McQuillin,cmcquillin47@netscape.com,Male,169.6.11.113
153,Benji,Haskins,bhaskins48@miitbeian.gov.cn,Bigender,201.122.179.128
154,Ogden,Hearsum,ohearsum49@discuz.net,Male,175.253.154.240
155,Nanine,Kelcey,nkelcey4a@freewebs.com,Female,77.244.147.154
156,Fonsie,Garnam,fgarnam4b@globo.com,Male,247.114.209.130
157,Moselle,Farress,mfarress4c@narod.ru,Female,2.158.15.136
158,Nedda,Jurisic,njurisic4d@omniture.com,Female,174.17.166.34
159,Lorri,Swidenbank,lswidenbank4e@oakley.com,Female,141.150.70.229
160,Mirabel,Gallyon,mgallyon4f@eventbrite.com,Female,45.166.214.25
161,Paige,Bidmead,pbidmead4g@utexas.edu,Male,186.128.148.240
162,Pennie,Sollowaye,psollowaye4h@tamu.edu,Female,189.216.102.254
163,Eleen,Paish,epaish4i@nasa.gov,Female,255.240.33.143
164,Milton,Hazeman,mhazeman4j@seattletimes.com,Male,45.94.167.26
165,Gayleen,Casburn,gcasburn4k@51.la,Female,141.221.69.96
166,Dion,Bergen,dbergen4l@cnbc.com,Female,1.29.73.103
167,Cally,Gerardot,cgerardot4m@shop-pro.jp,Female,83.209.93.165
168,Valenka,Hartford,vhartford4n@google.nl,Female,105.123.202.189
169,Mabelle,Colvin,mcolvin4o@addthis.com,Female,102.37.232.237
170,Alberto,Vivers,avivers4p@economist.com,Male,185.67.4.7
171,Corby,Rutherford,crutherford4q@altervista.org,Male,244.124.119.171
172,Cassius,Tigwell,ctigwell4r@bandcamp.com,Male,121.48.50.85
173,Brien,Wistance,bwistance4s@netvibes.com,Male,139.147.135.41
174,Ailyn,Brader,abrader4t@toplist.cz,Female,122.159.10.52
175,Kata,Jory,kjory4u@usda.gov,Female,51.242.159.139
176,Anita,Upston,aupston4v@sitemeter.com,Female,21.67.175.208
177,Jemie,Levermore,jlevermore4w@cpanel.net,Female,26.165.51.90
178,Charlean,Overill,coverill4x@meetup.com,Female,143.34.235.119
179,Melba,Ivain,mivain4y@adobe.com,Female,178.241.202.142
180,Quinta,Pendry,qpendry4z@slate.com,Genderqueer,131.63.19.68
181,Alysa,Mulhall,amulhall50@canalblog.com,Female,155.160.125.41
182,Kacy,Sword,ksword51@163.com,Female,79.203.33.117
183,Helenka,Van de Castele,hvandecastele52@blog.com,Female,225.214.65.221
184,Stanislaus,Kellogg,skellogg53@123-reg.co.uk,Male,144.102.126.106
185,Biddie,Samms,bsamms54@mlb.com,Female,165.172.117.45
186,Batsheva,Klee,bklee55@indiegogo.com,Female,239.135.68.223
187,Ambrosi,Quinevan,aquinevan56@nsw.gov.au,Non-binary,151.163.140.62
188,Patrick,Dittson,pdittson57@sciencedirect.com,Male,203.235.116.242
189,Miran,Gurry,mgurry58@parallels.com,Female,10.225.5.92
190,Suzanne,Mathie,smathie59@github.io,Female,15.165.64.150
191,Anne,Troake,atroake5a@eepurl.com,Female,254.7.17.179
192,Alyss,Lamport,alamport5b@columbia.edu,Female,203.58.202.164
193,Thibaut,Cripwell,tcripwell5c@yolasite.com,Male,146.55.222.221
194,Hussein,Rahl,hrahl5d@bravesites.com,Male,90.102.180.71
195,Dev,Durrance,ddurrance5e@fastcompany.com,Male,244.98.230.254
196,Donelle,Plackstone,dplackstone5f@parallels.com,Female,56.165.19.97
197,Tome,Pendrich,tpendrich5g@mit.edu,Male,100.169.245.58
198,Eugenie,Jodlowski,ejodlowski5h@ebay.com,Genderfluid,185.2.31.7
199,Torre,Borit,tborit5i@purevolume.com,Male,189.84.174.249
200,Seward,Tsarovic,stsarovic5j@tumblr.com,Male,141.181.54.38
201,Silvanus,Lembrick,slembrick5k@example.com,Male,172.97.52.194
202,Minetta,Owain,mowain5l@godaddy.com,Female,103.159.39.143
203,Moritz,Fawke,mfawke5m@sun.com,Male,29.202.143.105
204,Michele,Carnoghan,mcarnoghan5n@hibu.com,Female,225.29.91.145
205,Welbie,Rosenstengel,wrosenstengel5o@google.co.jp,Male,188.85.222.13
206,Bessy,Hardie,bhardie5p@amazon.de,Female,212.217.252.108
207,Alano,Casey,acasey5q@seesaa.net,Male,216.98.213.177
208,Nikos,Bayly,nbayly5r@berkeley.edu,Non-binary,178.90.19.55
209,Jakob,De Vaar,jdevaar5s@skype.com,Male,56.215.128.158
210,Arther,Dutch,adutch5t@cocolog-nifty.com,Agender,217.139.202.243
211,Irving,Grason,igrason5u@github.io,Male,234.156.60.86
212,Garrett,Singleton,gsingleton5v@angelfire.com,Male,23.189.162.143
213,Abran,Labbett,alabbett5w@yolasite.com,Male,55.245.226.155
214,Charlot,Gaymer,cgaymer5x@salon.com,Female,146.249.138.146
215,Layton,Train,ltrain5y@taobao.com,Male,71.48.236.58
216,Kearney,Vacher,kvacher5z@moonfruit.com,Male,219.223.216.250
217,Noel,Piele,npiele60@craigslist.org,Female,210.161.21.178
218,Ruby,Nutter,rnutter61@shop-pro.jp,Male,116.187.38.138
219,Star,Brimham,sbrimham62@china.com.cn,Female,156.207.124.207
220,Almeria,Humphery,ahumphery63@nsw.gov.au,Female,243.15.218.99
221,Carmen,Wharton,cwharton64@wikispaces.com,Female,224.48.27.208
222,Pia,Yukhin,pyukhin65@uol.com.br,Female,66.13.102.39
223,Augustine,Tenwick,atenwick66@meetup.com,Male,105.132.184.7
224,Shanda,Ballsdon,sballsdon67@elpais.com,Female,12.69.118.103
225,Gloriane,Darcy,gdarcy68@thetimes.co.uk,Female,45.140.185.197
226,Ambur,Claasen,aclaasen69@unicef.org,Female,254.229.243.188
227,Jemie,Basterfield,jbasterfield6a@deviantart.com,Female,93.173.82.205
228,Dennison,Beswell,dbeswell6b@ftc.gov,Non-binary,121.96.199.211
229,Paddie,Quinion,pquinion6c@homestead.com,Male,67.197.241.167
230,Gillie,Adanet,gadanet6d@blogspot.com,Bigender,30.74.79.203
231,Katti,Hickisson,khickisson6e@so-net.ne.jp,Female,201.177.170.239
232,Ag,Hedylstone,ahedylstone6f@tuttocitta.it,Female,79.11.59.212
233,Alexandrina,Brewins,abrewins6g@utexas.edu,Genderqueer,95.190.246.203
234,Otis,Towers,otowers6h@jiathis.com,Male,166.228.233.35
235,Budd,Corneille,bcorneille6i@jalbum.net,Male,46.205.208.178
236,Elmer,Rickcord,erickcord6j@ezinearticles.com,Male,59.241.233.154
237,Audrie,Temporal,atemporal6k@163.com,Female,169.153.71.159
238,Myrvyn,Harsum,mharsum6l@symantec.com,Male,221.5.235.96
239,Nona,Assiter,nassiter6m@fotki.com,Female,102.190.96.84
240,Burgess,Beake,bbeake6n@creativecommons.org,Male,84.46.83.236
241,Toby,Snyder,tsnyder6o@google.com.br,Male,45.47.102.213
242,Trumann,Risbie,trisbie6p@bing.com,Male,224.135.226.48
243,Nero,Ryott,nryott6q@icio.us,Male,189.197.35.1
244,Eran,Harden,eharden6r@va.gov,Female,170.27.98.197
245,Carmela,Moyser,cmoyser6s@sciencedaily.com,Polygender,4.149.172.111
246,Grata,Getsham,ggetsham6t@people.com.cn,Female,232.151.6.141
247,Claresta,Everley,ceverley6u@tinypic.com,Female,158.141.14.211
248,Lothario,Brimblecomb,lbrimblecomb6v@is.gd,Male,40.145.97.3
249,Read,Harwin,rharwin6w@aol.com,Male,223.208.188.213
250,Mora,Rowberry,mrowberry6x@shutterfly.com,Female,139.19.205.105
251,Dal,Alejandro,dalejandro6y@msu.edu,Male,102.163.207.33
252,Barnabe,Ranson,branson6z@marketwatch.com,Male,22.247.86.225
253,Rowland,Bailles,rbailles70@earthlink.net,Male,124.131.231.45
254,Swen,Masden,smasden71@wikispaces.com,Male,141.171.37.109
255,Lira,Zanelli,lzanelli72@cocolog-nifty.com,Female,235.58.159.233
256,Doris,Dosdale,ddosdale73@wordpress.com,Female,6.211.15.193
257,Analise,Gerbi,agerbi74@reverbnation.com,Female,74.185.149.253
258,Brook,Giacobbo,bgiacobbo75@altervista.org,Female,22.17.235.197
259,Justis,Hebner,jhebner76@yahoo.com,Male,72.203.33.22
260,Augy,Maasze,amaasze77@example.com,Male,164.46.202.146
261,Dyane,Aleksankin,daleksankin78@squarespace.com,Female,104.35.161.134
262,Jorgan,Ewenson,jewenson79@technorati.com,Male,183.99.76.92
263,Robbin,Stutard,rstutard7a@ocn.ne.jp,Female,139.195.200.106
264,Sauveur,Mangam,smangam7b@mashable.com,Male,97.245.245.109
265,Heda,Van Ross,hvanross7c@blogs.com,Female,59.16.127.67
266,Lenore,Gonning,lgonning7d@jimdo.com,Female,204.133.110.63
267,Lura,Cantu,lcantu7e@twitter.com,Female,161.209.95.174
268,Josh,Stansell,jstansell7f@usatoday.com,Male,35.10.56.16
269,Ashley,Twyford,atwyford7g@google.ru,Female,56.46.7.37
270,Irvin,Dobbson,idobbson7h@constantcontact.com,Male,56.116.62.99
271,Laurie,Aucoate,laucoate7i@nbcnews.com,Male,43.122.30.143
272,Lilias,Cheavin,lcheavin7j@globo.com,Female,208.140.240.26
273,Lorilyn,Tomalin,ltomalin7k@purevolume.com,Female,13.150.129.25
274,Filippo,Pelzer,fpelzer7l@godaddy.com,Male,82.87.86.225
275,Christian,Pepye,cpepye7m@1und1.de,Male,14.187.163.163
276,Enrique,Krollman,ekrollman7n@shinystat.com,Male,182.54.216.79
277,Hill,Roust,hroust7o@alexa.com,Male,174.34.52.30
278,Tiffy,Brandino,tbrandino7p@bravesites.com,Agender,181.193.200.134
279,Corene,Nacci,cnacci7q@abc.net.au,Genderqueer,250.0.223.113
280,Emiline,Quartermaine,equartermaine7r@blog.com,Female,119.26.97.233
281,Pall,Cleator,pcleator7s@a8.net,Male,92.91.162.222
282,Hilliary,Scripps,hscripps7t@seattletimes.com,Female,143.202.96.42
283,Georgianna,Scoone,gscoone7u@ehow.com,Female,253.240.201.115
284,Vonny,Drillot,vdrillot7v@google.com,Female,159.136.48.189
285,Papageno,Berthe,pberthe7w@nps.gov,Male,27.246.93.223
286,Frazier,Norway,fnorway7x@businessweek.com,Male,60.104.69.102
287,Nomi,Duesbury,nduesbury7y@google.fr,Female,153.235.161.41
288,Tod,Mulderrig,tmulderrig7z@unesco.org,Male,91.17.208.200
289,Vivi,Muckeen,vmuckeen80@washington.edu,Non-binary,221.51.98.208
290,Pace,Fearick,pfearick81@arstechnica.com,Male,227.253.59.100
291,Brion,Ladbrooke,bladbrooke82@theatlantic.com,Male,9.197.59.210
292,Hersch,Wingatt,hwingatt83@reference.com,Male,223.38.78.233
293,Melisa,Canny,mcanny84@webmd.com,Female,141.87.119.197
294,Hillel,Burness,hburness85@homestead.com,Male,87.246.17.124
295,Hoyt,Brason,hbrason86@newyorker.com,Male,50.3.63.3
296,Clint,De Bell,cdebell87@meetup.com,Male,38.30.145.177
297,Ashlee,Lancaster,alancaster88@dagondesign.com,Female,64.110.249.72
298,Mendel,Noseworthy,mnoseworthy89@auda.org.au,Male,156.201.141.3
299,Ches,Blincowe,cblincowe8a@ca.gov,Male,121.220.107.21
300,Nina,O'Dougherty,nodougherty8b@wiley.com,Female,240.238.82.225
301,Whitney,Oxx,woxx8c@mac.com,Female,25.112.3.186
302,Roderigo,Larroway,rlarroway8d@edublogs.org,Male,48.89.5.95
303,Ibby,Curm,icurm8e@apache.org,Female,120.86.44.144
304,Bryan,Larret,blarret8f@altervista.org,Male,180.21.200.114
305,Kerri,Jeens,kjeens8g@cloudflare.com,Female,41.222.205.199
306,Osgood,Whardley,owhardley8h@csmonitor.com,Agender,104.237.7.16
307,Alejandrina,Trobridge,atrobridge8i@livejournal.com,Female,125.156.180.1
308,Lidia,Enrich,lenrich8j@google.it,Female,86.196.26.153
309,Germaine,Tirkin,gtirkin8k@istockphoto.com,Polygender,73.71.139.28
310,Gwennie,Monketon,gmonketon8l@drupal.org,Female,211.27.213.133
311,Dennison,Silburn,dsilburn8m@disqus.com,Male,59.48.27.89
312,Quinta,Garm,qgarm8n@vimeo.com,Female,102.220.199.221
313,Nelle,Vinau,nvinau8o@pbs.org,Female,100.231.33.62
314,Tobias,Roycroft,troycroft8p@cyberchimps.com,Male,7.208.195.208
315,Nevsa,Woltman,nwoltman8q@nyu.edu,Female,53.221.252.216
316,Hallie,Starmer,hstarmer8r@archive.org,Bigender,247.152.79.57
317,Elise,Coulton,ecoulton8s@fda.gov,Bigender,112.11.25.225
318,Daisi,Clarae,dclarae8t@linkedin.com,Female,107.41.195.86
319,Pierre,Martynov,pmartynov8u@jugem.jp,Male,91.117.52.153
320,Elliott,Wisedale,ewisedale8v@google.es,Male,186.95.136.187
321,Kinnie,Twine,ktwine8w@mail.ru,Male,76.146.142.72
322,Horacio,Varley,hvarley8x@seattletimes.com,Male,77.106.123.243
323,Dodi,Glazier,dglazier8y@usnews.com,Female,212.116.69.35
324,Elizabet,Allison,eallison8z@printfriendly.com,Female,185.118.229.56
325,Myron,Stuckley,mstuckley90@sina.com.cn,Male,66.8.44.93
326,Ivonne,Sharville,isharville91@addthis.com,Genderfluid,118.57.151.158
327,Shoshanna,Deavin,sdeavin92@nsw.gov.au,Female,145.191.228.208
328,Mellisa,Vaissiere,mvaissiere93@artisteer.com,Female,77.187.92.170
329,Konrad,Janikowski,kjanikowski94@telegraph.co.uk,Male,237.233.92.194
330,Rhetta,Daubeny,rdaubeny95@cmu.edu,Bigender,67.66.53.90
331,Delaney,Blowen,dblowen96@apache.org,Male,224.231.206.168
332,Goldie,Verryan,gverryan97@whitehouse.gov,Female,125.26.121.89
333,Claudina,Dutchburn,cdutchburn98@feedburner.com,Female,228.205.65.138
334,Emelen,Cormack,ecormack99@pcworld.com,Male,132.12.110.183
335,Mercie,Kinsella,mkinsella9a@imageshack.us,Female,12.174.191.72
336,Lodovico,Searight,lsearight9b@lycos.com,Male,106.173.173.10
337,Sidonnie,McCay,smccay9c@photobucket.com,Female,204.35.131.15
338,Christabella,Kusick,ckusick9d@vistaprint.com,Female,151.212.137.119
339,Clare,Itzkowicz,citzkowicz9e@bizjournals.com,Male,75.58.86.243
340,Reamonn,Negal,rnegal9f@dmoz.org,Male,183.223.255.93
341,Emmy,Pollastrino,epollastrino9g@rakuten.co.jp,Female,179.201.241.46
342,Ellynn,McClaren,emcclaren9h@dyndns.org,Female,170.153.178.148
343,Krystalle,Spalls,kspalls9i@ucoz.ru,Female,135.138.171.248
344,Lionel,Rosengart,lrosengart9j@github.io,Male,212.139.108.139
345,Kristen,Segebrecht,ksegebrecht9k@jimdo.com,Female,1.57.155.33
346,Jone,Vreiberg,jvreiberg9l@goodreads.com,Male,92.36.40.45
347,Jarib,Saunper,jsaunper9m@nsw.gov.au,Male,91.47.241.230
348,Cynthie,Probets,cprobets9n@hubpages.com,Agender,209.195.84.234
349,Gwenette,Foxall,gfoxall9o@livejournal.com,Female,115.158.45.156
350,Rhoda,Hingeley,rhingeley9p@infoseek.co.jp,Female,228.96.2.76
351,Gleda,Goncalo,ggoncalo9q@apple.com,Female,205.220.73.81
352,Tessa,Hasard,thasard9r@nyu.edu,Female,29.142.251.6
353,Mart,Salsbury,msalsbury9s@netlog.com,Male,142.193.244.93
354,Jenna,Willcot,jwillcot9t@rediff.com,Female,237.16.12.241
355,Karly,Babalola,kbabalola9u@twitter.com,Female,60.76.109.33
356,Drucy,Penna,dpenna9v@hubpages.com,Female,26.167.227.141
357,Gipsy,Lonnon,glonnon9w@microsoft.com,Female,47.183.242.161
358,Israel,Arstall,iarstall9x@nps.gov,Male,55.55.35.216
359,Dwight,Woolfoot,dwoolfoot9y@bandcamp.com,Non-binary,46.81.85.91
360,Bucky,Blanshard,bblanshard9z@hud.gov,Male,241.77.48.26
361,Ric,Thonason,rthonasona0@twitpic.com,Male,182.200.246.147
362,De,Powell,dpowella1@github.com,Female,87.252.152.41
363,Zondra,Gosalvez,zgosalveza2@oaic.gov.au,Female,90.65.6.249
364,Marnia,Burke,mburkea3@mysql.com,Female,18.213.1.70
365,Leola,Kellen,lkellena4@wired.com,Female,105.209.139.28
366,Mercie,Bravery,mbraverya5@naver.com,Female,174.96.94.69
367,Adelbert,Stebbing,astebbinga6@time.com,Male,156.225.118.16
368,Cyrillus,McKilroe,cmckilroea7@indiegogo.com,Male,193.150.18.253
369,Dennis,Cordrey,dcordreya8@apple.com,Male,225.146.150.43
370,Estevan,Ladson,eladsona9@skype.com,Male,120.47.199.236
371,Husain,Duckwith,hduckwithaa@stanford.edu,Bigender,188.74.202.61
372,Katleen,Bennie,kbennieab@cafepress.com,Female,159.219.106.91
373,Brodie,Bendtsen,bbendtsenac@mapquest.com,Male,178.185.30.195
374,Arnie,Hainsworth,ahainsworthad@google.com.au,Bigender,97.177.160.112
375,Temple,Gatcliff,tgatcliffae@cafepress.com,Genderfluid,67.179.96.97
376,Torrie,Ballantyne,tballantyneaf@blog.com,Female,141.105.91.138
377,Parnell,Cathersides,pcathersidesag@imgur.com,Male,136.50.225.72
378,Kevina,Grinyakin,kgrinyakinah@sfgate.com,Female,105.22.190.97
379,Kenton,Pratchett,kpratchettai@pcworld.com,Male,15.180.30.225
380,Trev,Gerrit,tgerritaj@redcross.org,Male,69.26.47.226
381,Kerstin,Santello,ksantelloak@digg.com,Female,146.75.206.82
382,Franny,Wareham,fwarehamal@washingtonpost.com,Male,70.124.19.226
383,Maria,Hopkynson,mhopkynsonam@histats.com,Female,24.152.98.36
384,Quill,Andrat,qandratan@mashable.com,Male,146.184.70.64
385,Clementina,Incogna,cincognaao@nyu.edu,Female,227.79.140.75
386,Ulric,Richardes,urichardesap@mozilla.com,Male,241.53.142.52
387,Antonino,Maydwell,amaydwellaq@flickr.com,Male,20.226.221.204
388,Bertrand,Michele,bmichelear@meetup.com,Male,35.226.165.189
389,Lowe,Moulin,lmoulinas@com.com,Male,227.77.122.117
390,Barnaby,Golledge,bgolledgeat@surveymonkey.com,Male,3.242.210.125
391,Wallace,Bale,wbaleau@who.int,Male,110.2.67.249
392,Dimitry,Zorzi,dzorziav@unblog.fr,Male,42.210.32.196
393,Jori,Ranking,jrankingaw@java.com,Female,26.75.20.13
394,Gael,Semple,gsempleax@1und1.de,Male,186.92.79.224
395,Brucie,Hubbock,bhubbockay@symantec.com,Male,4.253.192.54
396,Hillary,Alpe,halpeaz@jigsy.com,Male,36.192.215.205
397,Katine,MacIlory,kmaciloryb0@networkadvertising.org,Female,186.225.153.59
398,Reyna,Scarlett,rscarlettb1@people.com.cn,Female,224.116.45.36
399,Willdon,Goady,wgoadyb2@alexa.com,Male,184.45.101.5
400,Nevin,Abrahams,nabrahamsb3@over-blog.com,Male,103.21.207.117
401,Lula,Burdoun,lburdounb4@tripadvisor.com,Female,47.23.154.75
402,Louise,Greenwell,lgreenwellb5@scientificamerican.com,Female,248.241.70.82
403,Britte,Humpatch,bhumpatchb6@xrea.com,Female,234.153.84.119
404,Sherry,Powter,spowterb7@comcast.net,Female,252.23.219.57
405,Hale,Clapp,hclappb8@springer.com,Non-binary,127.71.121.58
406,Rodge,Yukhnev,ryukhnevb9@squarespace.com,Male,31.121.110.182
407,Joete,Fowlds,jfowldsba@theguardian.com,Female,175.150.230.38
408,Tito,Rothman,trothmanbb@engadget.com,Male,254.118.6.91
409,Georgiana,Safe,gsafebc@jigsy.com,Female,102.85.121.94
410,Viviyan,Kiley,vkileybd@google.ca,Female,78.143.99.42
411,Korella,Muldrew,kmuldrewbe@samsung.com,Female,222.231.111.136
412,Staci,Genese,sgenesebf@foxnews.com,Polygender,47.153.77.255
413,Beatrice,Alessandretti,balessandrettibg@plala.or.jp,Female,209.155.112.206
414,Riley,Croyser,rcroyserbh@state.gov,Male,216.179.195.75
415,Oralla,Swallwell,oswallwellbi@sitemeter.com,Female,164.222.174.14
416,Skyler,Tranmer,stranmerbj@theatlantic.com,Male,203.86.165.228
417,Birgitta,Arni,barnibk@uol.com.br,Female,65.17.114.122
418,Tedi,Carbonell,tcarbonellbl@cnn.com,Female,26.86.91.29
419,Venita,Collis,vcollisbm@narod.ru,Female,201.165.247.252
420,Bertrand,Trees,btreesbn@dot.gov,Male,101.153.141.14
421,Andris,Defau,adefaubo@tripadvisor.com,Male,120.214.23.145
422,Stearne,Kunkler,skunklerbp@bloglovin.com,Male,196.162.130.13
423,Johannah,Skoate,jskoatebq@home.pl,Female,247.159.59.112
424,Farris,Gossart,fgossartbr@marketwatch.com,Male,243.190.131.8
425,Happy,Ciric,hciricbs@e-recht24.de,Female,1.107.66.29
426,Anatola,Downe,adownebt@elegantthemes.com,Female,67.114.86.237
427,Hodge,M'cowis,hmcowisbu@deviantart.com,Male,170.138.212.94
428,Mohandas,Paff,mpaffbv@nhs.uk,Male,22.180.95.75
429,Karrie,Errington,kerringtonbw@ustream.tv,Female,85.204.175.87
430,Eberto,Whyman,ewhymanbx@flickr.com,Male,5.49.33.163
431,Marcellus,Dauby,mdaubyby@google.es,Bigender,189.56.26.251
432,Megen,Apedaile,mapedailebz@ftc.gov,Female,51.129.5.116
433,Jordain,Stoeckle,jstoecklec0@answers.com,Female,59.87.214.255
434,Trevor,Stollsteiner,tstollsteinerc1@bizjournals.com,Male,83.123.98.141
435,Humphrey,Froom,hfroomc2@wikimedia.org,Male,41.162.57.2
436,Thorny,Lappine,tlappinec3@wordpress.org,Male,179.167.166.31
437,Harland,Yoell,hyoellc4@nytimes.com,Male,11.6.84.237
438,Dulcine,Chessum,dchessumc5@lulu.com,Female,58.120.33.182
439,Christina,McQuilty,cmcquiltyc6@vinaora.com,Female,222.240.126.173
440,Torrin,Pardy,tpardyc7@indiegogo.com,Male,73.76.182.29
441,Hamish,Holwell,hholwellc8@mail.ru,Male,45.124.110.29
442,Lance,Kelloway,lkellowayc9@disqus.com,Male,108.70.168.76
443,Konstantin,Pettegree,kpettegreeca@sfgate.com,Male,255.17.173.224
444,Mayne,Ions,mionscb@hugedomains.com,Male,84.104.22.79
445,Giovanni,Borgars,gborgarscc@house.gov,Male,121.46.247.13
446,Vania,Kiehne,vkiehnecd@google.com.br,Female,141.244.246.66
447,Bibi,Schiersch,bschierschce@google.cn,Female,15.214.80.87
448,Elly,Killigrew,ekilligrewcf@deliciousdays.com,Female,178.245.144.159
449,Clarice,Simoneschi,csimoneschicg@storify.com,Female,147.21.179.160
450,Guenevere,Hardes,ghardesch@imdb.com,Female,33.119.252.84
451,Bordie,Pirot,bpirotci@nih.gov,Male,141.255.224.42
452,Jeane,Bramwell,jbramwellcj@hexun.com,Female,20.215.21.73
453,Elicia,Colchett,ecolchettck@apache.org,Female,214.95.62.35
454,Alla,Lille,alillecl@storify.com,Female,209.196.131.128
455,Alberto,Kitchen,akitchencm@ed.gov,Male,246.255.69.221
456,Manon,Hamley,mhamleycn@pbs.org,Female,57.113.10.27
457,Irwin,Casemore,icasemoreco@clickbank.net,Male,69.16.165.28
458,Lowrance,Warmington,lwarmingtoncp@wisc.edu,Male,110.191.250.103
459,Yorgo,Di Lucia,ydiluciacq@hibu.com,Male,124.142.187.28
460,Son,Bamber,sbambercr@ning.com,Male,246.130.247.223
461,Marys,Turland,mturlandcs@cornell.edu,Polygender,84.254.247.17
462,Fleming,Batthew,fbatthewct@wired.com,Male,162.230.177.74
463,Georges,Waldron,gwaldroncu@goodreads.com,Genderqueer,43.237.201.167
464,Dorey,Woodrup,dwoodrupcv@samsung.com,Male,81.10.104.21
465,Lacie,Lumm,llummcw@adobe.com,Female,27.79.2.243
466,Jerrilyn,Starmore,jstarmorecx@weibo.com,Female,79.2.71.179
467,Elita,McAw,emcawcy@163.com,Female,36.129.224.80
468,Osmund,Pesek,opesekcz@naver.com,Male,187.71.85.77
469,August,Pochin,apochind0@nature.com,Male,65.96.117.197
470,Felicle,Neissen,fneissend1@nbcnews.com,Non-binary,238.127.112.183
471,Ariel,Dorning,adorningd2@squidoo.com,Female,33.33.89.88
472,Quentin,Abernethy,qabernethyd3@geocities.jp,Male,105.182.146.151
473,Fayre,Ubsdell,fubsdelld4@chron.com,Female,93.18.153.54
474,Gabriel,Colbertson,gcolbertsond5@yale.edu,Agender,74.114.235.187
475,Cathleen,Januszewicz,cjanuszewiczd6@163.com,Female,124.6.158.84
476,Alaster,Gledhall,agledhalld7@epa.gov,Male,215.201.47.122
477,Malva,Kidman,mkidmand8@diigo.com,Female,56.213.164.74
478,Guthry,Pechan,gpechand9@ehow.com,Male,170.169.33.196
479,Lowrance,St. Ledger,lstledgerda@sciencedirect.com,Male,159.165.241.28
480,Nanny,Flavelle,nflavelledb@hostgator.com,Female,65.230.10.46
481,Sandra,Pigott,spigottdc@theguardian.com,Female,222.206.53.222
482,Mose,Marchington,mmarchingtondd@ed.gov,Male,92.40.89.177
483,Riordan,Howler,rhowlerde@slate.com,Male,64.63.92.147
484,Trish,Golde,tgoldedf@sfgate.com,Female,101.2.201.234
485,Saraann,Ryland,srylanddg@yahoo.co.jp,Female,49.237.71.238
486,Bradan,Cobby,bcobbydh@epa.gov,Male,195.161.214.87
487,Dal,Oxtiby,doxtibydi@yellowpages.com,Male,196.54.4.104
488,Vince,Smewin,vsmewindj@scientificamerican.com,Male,114.132.80.100
489,Peta,Croll,pcrolldk@merriam-webster.com,Female,171.250.0.145
490,Bel,Cooke,bcookedl@shareasale.com,Female,65.165.135.225
491,Cleavland,Grantham,cgranthamdm@cisco.com,Male,190.218.193.153
492,Cobby,Jeffs,cjeffsdn@mac.com,Male,6.172.243.201
493,Gonzalo,Kops,gkopsdo@prweb.com,Polygender,27.2.132.137
494,Kris,Woolvett,kwoolvettdp@mysql.com,Male,55.146.105.4
495,Brade,Fredi,bfredidq@msu.edu,Male,2.214.48.198
496,Angel,Burdus,aburdusdr@cornell.edu,Female,199.182.9.79
497,Angelica,Exrol,aexrolds@cisco.com,Non-binary,43.229.111.7
498,Damien,Gibbeson,dgibbesondt@eepurl.com,Male,18.58.64.221
499,Worden,Brain,wbraindu@pagesperso-orange.fr,Male,207.37.129.9
500,Evita,O'Hickey,eohickeydv@goo.ne.jp,Polygender,14.209.126.148
501,Bryanty,Donohoe,bdonohoedw@weibo.com,Male,44.235.31.251
502,Violante,de Almeida,vdealmeidadx@usgs.gov,Genderqueer,104.80.70.191
503,Jeddy,Breache,jbreachedy@parallels.com,Male,216.140.5.186
504,Barb,Stapels,bstapelsdz@instagram.com,Female,141.65.83.92
505,Linn,Kornousek,lkornouseke0@home.pl,Male,123.97.174.230
506,Kippie,Kulver,kkulvere1@cafepress.com,Female,61.64.223.251
507,Nathanial,Hegarty,nhegartye2@wufoo.com,Male,62.213.186.86
508,Tracee,Fludder,tfluddere3@behance.net,Genderfluid,160.58.107.116
509,Brittan,Pattillo,bpattilloe4@zimbio.com,Polygender,20.5.0.131
510,Joy,Shevell,jshevelle5@sun.com,Female,94.22.9.55
511,Reuben,Yegorkov,ryegorkove6@accuweather.com,Male,84.215.10.150
512,Ursala,Dunks,udunkse7@about.com,Female,50.1.239.95
513,Theresina,Trustie,ttrustiee8@storify.com,Female,168.160.209.12
514,Vivien,Gubbins,vgubbinse9@nhs.uk,Female,235.230.252.103
515,Mata,Cudby,mcudbyea@yelp.com,Male,82.251.154.159
516,Judd,Hasser,jhassereb@vimeo.com,Male,225.159.121.136
517,Winfred,Moxham,wmoxhamec@washingtonpost.com,Male,214.114.124.133
518,Eilis,Geist,egeisted@walmart.com,Female,25.34.115.156
519,Denney,Phebey,dphebeyee@tripadvisor.com,Male,46.202.223.95
520,Danette,Perot,dperotef@acquirethisname.com,Female,24.211.211.93
521,Essa,Blackborn,eblackborneg@harvard.edu,Female,43.163.182.245
522,Corrina,Gibbons,cgibbonseh@statcounter.com,Genderfluid,132.219.165.234
523,Derward,Bartelli,dbartelliei@apple.com,Male,89.211.10.183
524,Dinny,Fendley,dfendleyej@spiegel.de,Agender,0.50.60.202
525,Conny,Jemmett,cjemmettek@umich.edu,Male,97.195.253.107
526,Bev,Abrehart,babrehartel@lycos.com,Female,206.231.216.0
527,Paxon,Ruddiman,pruddimanem@lulu.com,Male,193.71.145.124
528,Land,Townend,ltownenden@sohu.com,Male,0.172.56.99
529,Hurleigh,Mila,hmilaeo@springer.com,Male,255.112.46.168
530,Stevy,Brou,sbrouep@pagesperso-orange.fr,Male,188.135.196.150
531,Nananne,Plummer,nplummereq@ehow.com,Female,225.199.76.165
532,Maryann,Hendrik,mhendriker@elegantthemes.com,Female,17.189.176.13
533,Cathy,Gerritsma,cgerritsmaes@howstuffworks.com,Female,219.28.29.68
534,Madalena,Stookes,mstookeset@acquirethisname.com,Female,113.119.44.11
535,Korey,Korf,kkorfeu@twitter.com,Agender,218.85.214.151
536,Farly,MacVean,fmacveanev@domainmarket.com,Male,105.157.1.12
537,Dory,Otton,dottonew@hhs.gov,Male,219.147.36.128
538,Laurene,Duckerin,lduckerinex@google.pl,Female,6.129.146.223
539,Lawrence,Fegan,lfeganey@adobe.com,Male,20.12.198.9
540,Sarah,Czaple,sczapleez@phoca.cz,Female,228.48.120.93
541,Bessy,Paaso,bpaasof0@live.com,Female,224.201.150.137
542,Tybi,Cameli,tcamelif1@rakuten.co.jp,Female,140.136.121.186
543,Conrad,Manderson,cmandersonf2@google.it,Male,176.12.60.185
544,Craggie,MacKey,cmackeyf3@ca.gov,Male,234.150.186.86
545,Liv,Turbitt,lturbittf4@go.com,Female,62.62.128.17
546,Merilee,Grindrod,mgrindrodf5@epa.gov,Non-binary,138.17.74.156
547,Felice,Kille,fkillef6@w3.org,Male,175.12.91.146
548,Lane,O'Mullaney,lomullaneyf7@bluehost.com,Female,232.9.193.133
549,Kristopher,Vannoni,kvannonif8@microsoft.com,Male,249.196.159.200
550,Rozele,Sandlin,rsandlinf9@kickstarter.com,Female,2.6.201.226
551,Gorden,Poundford,gpoundfordfa@123-reg.co.uk,Male,104.180.214.200
552,Saxe,Liebrecht,sliebrechtfb@mediafire.com,Male,225.163.246.207
553,Estel,Rishman,erishmanfc@disqus.com,Female,31.163.235.44
554,Angelle,Fraschetti,afraschettifd@webmd.com,Female,30.214.195.212
555,Kendre,Bernhardsson,kbernhardssonfe@aboutads.info,Female,156.26.65.118
556,Danella,MacPadene,dmacpadeneff@usda.gov,Female,199.117.190.104
557,Bobine,Treneer,btreneerfg@360.cn,Female,19.4.224.118
558,Nigel,Bertenshaw,nbertenshawfh@mail.ru,Male,28.188.161.51
559,Glyn,Newe,gnewefi@naver.com,Male,188.205.61.111
560,Pearce,Errey,perreyfj@weebly.com,Male,19.127.237.101
561,Carly,Borres,cborresfk@seattletimes.com,Female,86.6.253.68
562,Lucilia,Loggie,lloggiefl@hugedomains.com,Female,168.122.190.25
563,Ansell,Maccaddie,amaccaddiefm@w3.org,Male,212.77.216.47
564,Elisha,Bowery,eboweryfn@google.nl,Female,178.221.64.190
565,Sampson,Silverthorne,ssilverthornefo@discovery.com,Male,251.252.20.97
566,Borg,Stoggles,bstogglesfp@hubpages.com,Male,246.244.212.8
567,Andrew,Parysowna,aparysownafq@theatlantic.com,Male,42.64.34.255
568,Alaric,Koeppke,akoeppkefr@jigsy.com,Male,232.78.179.75
569,Derick,Creus,dcreusfs@elegantthemes.com,Male,59.8.60.171
570,Klara,Yuryichev,kyuryichevft@unicef.org,Female,202.46.76.254
571,Ava,Pimblotte,apimblottefu@sun.com,Female,40.241.147.133
572,Mora,Crockley,mcrockleyfv@behance.net,Female,177.30.31.98
573,Almeta,Ranyelld,aranyelldfw@nationalgeographic.com,Female,77.14.254.83
574,Margaret,Boshier,mboshierfx@pen.io,Female,193.8.210.155
575,Jay,Shearston,jshearstonfy@phoca.cz,Male,130.69.165.129
576,Norry,Blunsom,nblunsomfz@scientificamerican.com,Female,83.45.186.54
577,Jenna,Braunthal,jbraunthalg0@yellowbook.com,Genderfluid,116.81.97.168
578,Ky,Woodcroft,kwoodcroftg1@webeden.co.uk,Genderqueer,250.58.190.114
579,Giovanni,Bracken,gbrackeng2@sitemeter.com,Male,200.84.212.31
580,Selena,Aldersley,saldersleyg3@adobe.com,Female,99.102.163.255
581,Julie,Echelle,jechelleg4@macromedia.com,Male,34.34.7.62
582,Aube,Mannion,amanniong5@cargocollective.com,Male,177.15.152.184
583,Annalise,Christoffersen,achristofferseng6@tiny.cc,Female,120.174.29.191
584,Aveline,Rushby,arushbyg7@yahoo.co.jp,Female,225.54.80.18
585,Cullin,Crutch,ccrutchg8@twitpic.com,Male,238.117.212.183
586,Ada,Rickardsson,arickardssong9@noaa.gov,Female,227.113.197.239
587,Diena,McCafferty,dmccaffertyga@yelp.com,Female,9.195.76.104
588,Ilario,Selby,iselbygb@mediafire.com,Male,43.3.2.8
589,Royal,Hearmon,rhearmongc@google.com,Male,124.135.192.174
590,Charlotta,Hassewell,chassewellgd@zdnet.com,Female,123.175.154.168
591,Ambrosi,Tribell,atribellge@vinaora.com,Male,251.239.210.38
592,Lyndel,Kruger,lkrugergf@ucsd.edu,Female,80.97.205.50
593,Clem,Parrin,cparringg@vkontakte.ru,Male,171.243.225.224
594,Robena,Mickan,rmickangh@newyorker.com,Female,216.134.251.1
595,Wilma,Thom,wthomgi@ocn.ne.jp,Female,89.237.79.99
596,Virgilio,Isaaksohn,visaaksohngj@dell.com,Male,117.200.249.173
597,Willie,Barnwille,wbarnwillegk@sourceforge.net,Agender,47.167.73.40
598,Daniele,Hylands,dhylandsgl@123-reg.co.uk,Female,163.200.189.28
599,Hilly,Thewless,hthewlessgm@statcounter.com,Male,233.155.171.137
600,Chan,Kuhnwald,ckuhnwaldgn@utexas.edu,Male,169.199.200.43
601,Minda,Dumbleton,mdumbletongo@hatena.ne.jp,Female,107.58.119.82
602,Glynn,Cockshott,gcockshottgp@hostgator.com,Polygender,215.170.67.201
603,Magdaia,Bottinelli,mbottinelligq@youtu.be,Female,136.31.161.242
604,Blake,Antliff,bantliffgr@icio.us,Male,2.61.174.157
605,Janaye,Imlaw,jimlawgs@umn.edu,Female,67.237.11.72
606,Stevy,Rigge,sriggegt@sphinn.com,Male,180.215.118.27
607,Emory,Ponte,epontegu@tripod.com,Male,128.170.63.191
608,Walt,Blease,wbleasegv@mozilla.org,Male,175.164.14.120
609,Jarrod,Daldry,jdaldrygw@salon.com,Male,101.35.153.2
610,Walsh,Clute,wclutegx@upenn.edu,Male,91.132.138.216
611,Muffin,Harteley,mharteleygy@usatoday.com,Non-binary,227.36.219.176
612,Mohandas,Eldon,meldongz@house.gov,Male,92.118.71.246
613,Yorker,Windaybank,ywindaybankh0@columbia.edu,Male,194.42.123.9
614,Foss,Setch,fsetchh1@businesswire.com,Male,226.95.75.227
615,Jacinthe,Vallow,jvallowh2@go.com,Female,21.99.62.27
616,Odessa,Deftie,odeftieh3@bing.com,Female,251.106.49.171
617,Giusto,Pearde,gpeardeh4@uiuc.edu,Male,115.102.169.184
618,Zachariah,Zupa,zzupah5@toplist.cz,Male,54.128.18.192
619,Norbert,Crockett,ncrocketth6@reddit.com,Male,88.230.59.124
620,Ellen,Worley,eworleyh7@hhs.gov,Female,98.146.221.234
621,Justus,Lattey,jlatteyh8@mac.com,Male,153.39.202.178
622,Sebastiano,Beardow,sbeardowh9@ustream.tv,Male,75.198.33.189
623,Rivy,Kun,rkunha@jalbum.net,Female,169.13.207.54
624,Gerek,Scopes,gscopeshb@google.fr,Male,68.246.159.156
625,Obadias,Vidyapin,ovidyapinhc@simplemachines.org,Male,245.208.75.230
626,Sutherlan,Franck,sfranckhd@deliciousdays.com,Male,222.181.50.45
627,Alford,Tramel,atramelhe@engadget.com,Male,185.29.186.56
628,Juliane,O'Lynn,jolynnhf@nasa.gov,Female,146.201.78.138
629,Cecil,Abbot,cabbothg@sourceforge.net,Female,195.173.55.91
630,Dino,Norley,dnorleyhh@parallels.com,Male,19.92.78.252
631,Rafi,Lambrook,rlambrookhi@shutterfly.com,Male,138.243.89.107
632,Ruggiero,Darth,rdarthhj@ifeng.com,Male,44.126.227.153
633,Bernete,Strauss,bstrausshk@oaic.gov.au,Female,217.156.123.110
634,Erek,Kubiczek,ekubiczekhl@fc2.com,Male,87.243.107.49
635,Catlaina,Critch,ccritchhm@1688.com,Female,87.135.129.81
636,Laurice,Langeren,llangerenhn@economist.com,Female,91.178.82.158
637,Trevor,Durnin,tdurninho@nasa.gov,Male,149.176.61.12
638,Sofia,Gurnell,sgurnellhp@slashdot.org,Female,48.217.230.74
639,Clayborn,Retallack,cretallackhq@time.com,Male,215.45.113.21
640,Evangelina,Castello,ecastellohr@yolasite.com,Female,243.139.246.75
641,Ringo,Holby,rholbyhs@state.tx.us,Male,201.147.147.16
642,Abran,MacTrusty,amactrustyht@devhub.com,Male,46.142.87.131
643,Noelani,Dadge,ndadgehu@livejournal.com,Female,194.100.239.51
644,Ronnica,Shimmans,rshimmanshv@canalblog.com,Female,23.234.155.127
645,Emalee,Calabry,ecalabryhw@yolasite.com,Female,104.36.163.62
646,Vanya,Dunk,vdunkhx@skype.com,Female,8.154.56.31
647,Gal,Cronk,gcronkhy@ed.gov,Male,192.133.136.240
648,Kit,Weippert,kweipperthz@ibm.com,Female,40.230.103.18
649,Zack,Riteley,zriteleyi0@ovh.net,Male,125.208.245.253
650,Burke,Menhci,bmenhcii1@upenn.edu,Male,133.62.116.227
651,Edyth,Venn,evenni2@soundcloud.com,Female,217.154.130.167
652,Claiborn,Curtoys,ccurtoysi3@examiner.com,Male,186.152.125.98
653,Lindsay,Cornforth,lcornforthi4@answers.com,Genderqueer,160.142.63.172
654,Kylynn,Cale,kcalei5@cpanel.net,Female,251.80.12.115
655,Burch,Merck,bmercki6@example.com,Male,23.129.212.172
656,Berenice,Sheering,bsheeringi7@canalblog.com,Female,233.121.226.54
657,Johan,Blower,jbloweri8@vistaprint.com,Male,174.191.2.49
658,Jaquith,Rogliero,jroglieroi9@google.co.jp,Female,41.206.188.189
659,Raychel,Izat,rizatia@vinaora.com,Female,227.145.7.145
660,Lorinda,Hanaby,lhanabyib@fotki.com,Female,183.123.50.89
661,Gennifer,Halwill,ghalwillic@google.es,Genderfluid,135.162.9.252
662,Kellsie,Archer,karcherid@over-blog.com,Non-binary,214.188.143.49
663,Zachariah,Comsty,zcomstyie@blogtalkradio.com,Male,121.118.166.88
664,Leoline,Jewess,ljewessif@soundcloud.com,Female,221.139.228.22
665,Cordi,Hesey,cheseyig@dailymotion.com,Female,42.255.190.253
666,Berry,Glanester,bglanesterih@eepurl.com,Female,36.18.174.198
667,Dasha,Cornejo,dcornejoii@tamu.edu,Bigender,157.193.159.146
668,Emilie,Tollerfield,etollerfieldij@tmall.com,Female,65.158.124.192
669,Claudette,Mouland,cmoulandik@prlog.org,Female,55.25.12.205
670,Kathryn,Elder,kelderil@instagram.com,Female,25.234.241.101
671,Hyacinth,Catcherside,hcatchersideim@elpais.com,Female,163.46.36.67
672,Dew,Robertelli,drobertelliin@vistaprint.com,Male,11.128.67.56
673,Zoe,Panter,zpanterio@fastcompany.com,Female,25.207.8.71
674,Shelden,Dawtre,sdawtreip@indiegogo.com,Male,83.103.206.3
675,Saw,Riolfo,sriolfoiq@ebay.com,Male,67.68.27.25
676,Carlyle,MacIver,cmaciverir@vimeo.com,Male,22.200.87.90
677,Will,Peppard,wpeppardis@printfriendly.com,Male,74.12.56.237
678,Giffie,Macconaghy,gmacconaghyit@answers.com,Male,223.40.234.151
679,Birdie,Pracy,bpracyiu@chicagotribune.com,Female,0.78.248.214
680,Joscelin,Cowndley,jcowndleyiv@a8.net,Female,234.126.82.160
681,Constancy,Roggieri,croggieriiw@webmd.com,Female,37.80.167.33
682,Arne,Garrison,agarrisonix@shutterfly.com,Male,71.114.209.194
683,Agata,Creed,acreediy@diigo.com,Female,92.253.112.245
684,Lilyan,Leppard,lleppardiz@macromedia.com,Female,40.86.117.39
685,Garreth,Gayton,ggaytonj0@globo.com,Male,193.71.122.114
686,Rafaello,Chritchlow,rchritchlowj1@dyndns.org,Male,42.192.219.180
687,Chrysa,Ioannou,cioannouj2@amazon.de,Female,50.168.212.96
688,Yorker,Billingsly,ybillingslyj3@boston.com,Male,215.92.245.142
689,Prudence,Terbeek,pterbeekj4@earthlink.net,Female,178.0.203.207
690,Yehudit,Felten,yfeltenj5@forbes.com,Male,18.68.46.229
691,Alvira,Olek,aolekj6@desdev.cn,Female,143.79.61.85
692,Seward,Gristock,sgristockj7@wordpress.com,Male,249.55.186.5
693,Tudor,Crabb,tcrabbj8@joomla.org,Male,190.72.216.64
694,Janna,Henrique,jhenriquej9@lycos.com,Bigender,249.160.61.115
695,Billy,Ithell,bithellja@sohu.com,Female,80.125.50.125
696,Gordan,Haruard,gharuardjb@icio.us,Bigender,6.199.205.174
697,Darbie,Demchen,ddemchenjc@buzzfeed.com,Female,120.121.244.254
698,Mariana,Gonin,mgoninjd@un.org,Female,151.61.143.67
699,Cosme,Tiddy,ctiddyje@xing.com,Male,63.208.115.1
700,Pate,Scroggins,pscrogginsjf@domainmarket.com,Male,224.101.156.18
701,Stacy,Newcomb,snewcombjg@princeton.edu,Male,22.61.132.187
702,Brigit,Landre,blandrejh@so-net.ne.jp,Genderqueer,231.189.117.64
703,Luce,Lauga,llaugaji@google.com.br,Male,193.62.60.73
704,Mary,Ackerley,mackerleyjj@blogs.com,Female,227.48.220.53
705,Lowrance,Hansill,lhansilljk@discovery.com,Male,198.225.106.13
706,Nadiya,Tesyro,ntesyrojl@europa.eu,Female,192.227.100.48
707,Penni,Londesborough,plondesboroughjm@marriott.com,Female,147.250.226.227
708,Caldwell,Antonomoli,cantonomolijn@cam.ac.uk,Male,233.158.89.5
709,Ardenia,Jessop,ajessopjo@blogspot.com,Female,103.70.2.130
710,Fielding,Ianittello,fianittellojp@pcworld.com,Male,151.132.74.82
711,Guinna,Brik,gbrikjq@xrea.com,Female,137.79.215.211
712,Lynnea,Jacobsson,ljacobssonjr@miibeian.gov.cn,Female,149.84.147.119
713,Elysia,Aizik,eaizikjs@netvibes.com,Female,10.61.141.35
714,Berrie,Summerill,bsummerilljt@rakuten.co.jp,Female,96.40.63.213
715,Josefa,Polleye,jpolleyeju@theatlantic.com,Agender,18.241.75.194
716,Addison,Blewmen,ablewmenjv@purevolume.com,Male,130.254.242.130
717,Trixie,Jervoise,tjervoisejw@chicagotribune.com,Non-binary,150.72.6.210
718,Gar,McCray,gmccrayjx@senate.gov,Male,116.110.74.212
719,Sibelle,Stephens,sstephensjy@youtube.com,Female,226.229.129.24
720,Aime,Tellenbrok,atellenbrokjz@auda.org.au,Polygender,30.167.220.143
721,Benni,Skill,bskillk0@hugedomains.com,Female,133.9.243.134
722,Say,Garrals,sgarralsk1@hatena.ne.jp,Male,93.83.96.13
723,Magdaia,Burriss,mburrissk2@smh.com.au,Female,147.159.12.32
724,Egan,Polkinhorn,epolkinhornk3@hp.com,Male,178.92.228.60
725,Diannne,Schimann,dschimannk4@sphinn.com,Female,192.192.11.74
726,Cob,Vittery,cvitteryk5@vistaprint.com,Male,67.144.23.235
727,Sindee,Twinbrow,stwinbrowk6@forbes.com,Female,69.246.216.198
728,Estele,McCooke,emccookek7@ustream.tv,Female,113.227.142.170
729,Tierney,Hurlestone,thurlestonek8@cnbc.com,Female,158.250.156.205
730,Mackenzie,Dossett,mdossettk9@purevolume.com,Male,127.66.13.150
731,Aguie,Renol,arenolka@scientificamerican.com,Male,82.128.89.156
732,Alden,Mileham,amilehamkb@wired.com,Male,166.206.151.160
733,Deeanne,Kremer,dkremerkc@ucoz.com,Female,245.182.69.37
734,Joseito,Shotton,jshottonkd@wp.com,Bigender,207.149.171.251
735,Darcy,Condon,dcondonke@slashdot.org,Female,199.169.240.196
736,Ingaberg,Pieters,ipieterskf@dropbox.com,Genderqueer,87.249.248.195
737,Christabella,Jobb,cjobbkg@wikispaces.com,Female,252.232.135.18
738,Pierrette,Antic,pantickh@bbb.org,Female,88.203.0.200
739,Goldi,Marham,gmarhamki@apple.com,Female,227.125.238.202
740,Hans,Rainsdon,hrainsdonkj@huffingtonpost.com,Male,145.11.236.244
741,Nerita,Scarth,nscarthkk@cpanel.net,Female,77.58.13.69
742,Matt,Jaimez,mjaimezkl@live.com,Male,63.193.70.73
743,Eva,Burrill,eburrillkm@psu.edu,Agender,243.185.115.15
744,Kennie,Sertin,ksertinkn@umn.edu,Male,45.133.51.36
745,Orson,Proffer,oprofferko@privacy.gov.au,Male,110.20.104.42
746,Griffy,Akester,gakesterkp@vistaprint.com,Male,242.144.236.126
747,Cayla,Bewlay,cbewlaykq@jiathis.com,Female,148.128.120.61
748,Brittaney,Giannotti,bgiannottikr@dmoz.org,Female,38.167.152.248
749,Bastien,Studeart,bstudeartks@go.com,Male,96.125.6.36
750,Tilda,Johnston,tjohnstonkt@opensource.org,Female,126.26.6.49
751,Bunni,Sowley,bsowleyku@trellian.com,Female,227.125.210.53
752,Barrie,McNirlan,bmcnirlankv@ycombinator.com,Female,253.123.115.184
753,Ferrel,Seide,fseidekw@buzzfeed.com,Bigender,4.88.205.164
754,Rivalee,Ebbetts,rebbettskx@craigslist.org,Female,163.63.195.220
755,Syd,Capes,scapesky@hubpages.com,Male,209.227.36.7
756,Wilek,Meiklam,wmeiklamkz@vk.com,Male,2.229.29.135
757,Marlow,Maevela,mmaevelal0@twitter.com,Male,157.172.209.20
758,Quintilla,Warre,qwarrel1@eventbrite.com,Agender,156.166.100.220
759,Hayes,Bussell,hbusselll2@ifeng.com,Male,229.178.73.108
760,Ciel,Jancik,cjancikl3@mediafire.com,Female,223.81.141.87
761,Marchall,Leall,mlealll4@multiply.com,Male,242.38.95.29
762,Melamie,Trenholme,mtrenholmel5@typepad.com,Female,180.195.185.11
763,Paola,Keys,pkeysl6@wordpress.com,Female,240.242.39.203
764,Em,Rodge,erodgel7@ihg.com,Male,132.136.142.141
765,Venus,Challener,vchallenerl8@twitter.com,Female,79.77.120.56
766,Henri,Consterdine,hconsterdinel9@cargocollective.com,Male,200.164.224.34
767,Pippo,Andryushchenko,pandryushchenkola@epa.gov,Genderqueer,1.143.212.100
768,Roseann,Schiesterl,rschiesterllb@typepad.com,Female,89.112.84.10
769,Henka,Campling,hcamplinglc@foxnews.com,Female,169.12.198.43
770,Gilemette,Cerman,gcermanld@slashdot.org,Female,191.185.2.107
771,Elianore,Varey,evareyle@nih.gov,Female,199.190.239.19
772,Delora,Frobisher,dfrobisherlf@state.tx.us,Female,190.177.181.204
773,Jose,Poxon,jpoxonlg@clickbank.net,Male,103.78.228.99
774,Sigismund,Bahia,sbahialh@ebay.com,Male,46.158.146.179
775,Torey,Dragoe,tdragoeli@angelfire.com,Female,153.143.137.120
776,Stephani,Gruczka,sgruczkalj@usa.gov,Female,235.234.229.126
777,Dell,Sudlow,dsudlowlk@youtu.be,Male,4.77.14.187
778,Cele,Teasey,cteaseyll@unblog.fr,Female,140.73.120.171
779,Carolyn,Benny,cbennylm@un.org,Female,34.136.97.47
780,Berkeley,Trusdale,btrusdaleln@domainmarket.com,Male,166.147.65.214
781,Hill,Callow,hcallowlo@timesonline.co.uk,Male,183.68.208.77
782,Irene,Pilgrim,ipilgrimlp@live.com,Female,135.156.1.147
783,Coral,Scotchmur,cscotchmurlq@networkadvertising.org,Non-binary,112.41.231.72
784,Boycey,Gotfrey,bgotfreylr@wordpress.com,Male,66.211.153.50
785,Garry,Kenderdine,gkenderdinels@cafepress.com,Male,105.167.233.207
786,Brandi,Duignan,bduignanlt@exblog.jp,Female,18.26.31.103
787,Carrissa,Teffrey,cteffreylu@twitpic.com,Female,230.150.45.179
788,Patricio,Todarini,ptodarinilv@globo.com,Male,47.225.241.87
789,Eydie,Assandri,eassandrilw@cdc.gov,Genderfluid,20.55.241.83
790,Rafaello,Clemas,rclemaslx@nba.com,Male,103.41.185.178
791,Kynthia,Polgreen,kpolgreenly@slideshare.net,Female,106.65.137.156
792,Etan,Agge,eaggelz@shinystat.com,Male,176.85.48.52
793,Beniamino,Titcombe,btitcombem0@macromedia.com,Male,109.254.0.171
794,Humfrey,Hayto,hhaytom1@gov.uk,Male,161.152.254.106
795,Jehu,Heel,jheelm2@springer.com,Male,172.197.223.50
796,Imogene,McAndrew,imcandrewm3@webmd.com,Female,134.173.62.160
797,Colet,Marshall,cmarshallm4@phpbb.com,Non-binary,97.104.25.151
798,Lauri,Danforth,ldanforthm5@netlog.com,Female,35.4.157.188
799,Alis,Fabbri,afabbrim6@ow.ly,Female,154.129.250.40
800,Brandie,Niblo,bniblom7@mapy.cz,Female,124.243.163.242
801,Robby,Messham,rmesshamm8@com.com,Female,247.141.83.34
802,Archy,Attewill,aattewillm9@vistaprint.com,Male,86.9.130.181
803,Abby,Scoles,ascolesma@pbs.org,Female,110.110.175.125
804,Catharine,Trodler,ctrodlermb@163.com,Female,116.12.196.242
805,Carolin,Avrahamov,cavrahamovmc@goodreads.com,Female,186.105.95.173
806,Gregory,Nurdin,gnurdinmd@dell.com,Male,222.227.34.186
807,Katherina,Noriega,knoriegame@people.com.cn,Female,5.160.148.41
808,Felicity,Weymouth,fweymouthmf@delicious.com,Female,167.15.73.208
809,Ilse,Clerc,iclercmg@is.gd,Female,86.116.175.107
810,Tull,Beecheno,tbeechenomh@altervista.org,Male,44.64.219.206
811,Claire,Yeudall,cyeudallmi@stanford.edu,Female,2.21.254.240
812,Rossie,Wigg,rwiggmj@vinaora.com,Male,35.106.77.18
813,Bellina,Itzkov,bitzkovmk@exblog.jp,Female,68.191.90.66
814,Nikolaos,Tranfield,ntranfieldml@uol.com.br,Male,185.25.234.220
815,Leonelle,Scedall,lscedallmm@stanford.edu,Female,255.29.80.127
816,Yevette,Mackiewicz,ymackiewiczmn@last.fm,Female,6.11.217.199
817,Tiebold,Speake,tspeakemo@prlog.org,Male,43.23.96.74
818,Jobye,Broom,jbroommp@statcounter.com,Female,99.167.148.71
819,Hurleigh,Whate,hwhatemq@goodreads.com,Male,224.246.192.234
820,Humfrid,Campos,hcamposmr@zdnet.com,Male,107.103.57.196
821,Sandy,Dibnah,sdibnahms@hp.com,Male,254.187.8.199
822,Troy,Langston,tlangstonmt@1688.com,Male,242.182.91.250
823,Silvan,Nettles,snettlesmu@fda.gov,Male,51.217.146.108
824,Miller,Jesse,mjessemv@printfriendly.com,Male,3.214.177.221
825,Adara,Cockitt,acockittmw@gnu.org,Female,247.19.134.205
826,Artemis,Koenen,akoenenmx@cnn.com,Male,27.43.139.218
827,Winna,Kneale,wknealemy@fda.gov,Bigender,118.174.229.208
828,Sibbie,Dyott,sdyottmz@cloudflare.com,Female,159.60.78.89
829,Fanya,Engall,fengalln0@berkeley.edu,Female,169.173.171.209
830,Tildi,Noble,tnoblen1@prnewswire.com,Female,219.203.46.148
831,Auria,Wimbridge,awimbridgen2@microsoft.com,Female,249.179.187.218
832,Ringo,Merriment,rmerrimentn3@reverbnation.com,Male,187.23.126.148
833,Gayelord,Dunn,gdunnn4@godaddy.com,Male,226.198.27.168
834,Annalee,Dugood,adugoodn5@last.fm,Female,83.179.220.118
835,Greg,Pidduck,gpidduckn6@rediff.com,Male,6.39.227.97
836,Jan,Spaducci,jspaduccin7@sciencedirect.com,Male,7.244.131.22
837,Tedra,Ankers,tankersn8@domainmarket.com,Female,142.21.236.92
838,Hannis,Dalley,hdalleyn9@bbb.org,Female,158.242.124.210
839,Roxi,Cholmondeley,rcholmondeleyna@thetimes.co.uk,Female,88.154.204.68
840,Hank,Simester,hsimesternb@histats.com,Male,135.235.131.102
841,Tobye,Maslin,tmaslinnc@google.nl,Female,154.214.72.109
842,Caye,Maiden,cmaidennd@seesaa.net,Female,233.133.97.44
843,Esteban,Clayborn,eclaybornne@de.vu,Male,103.238.70.0
844,Karrah,Fireman,kfiremannf@rediff.com,Female,34.201.60.164
845,Joyan,Adao,jadaong@yellowpages.com,Female,49.113.65.47
846,Franky,Piff,fpiffnh@mlb.com,Male,213.62.142.58
847,Inness,Lamberto,ilambertoni@linkedin.com,Male,110.228.231.243
848,Claribel,Barkas,cbarkasnj@howstuffworks.com,Bigender,36.86.225.113
849,Woody,Elletson,welletsonnk@redcross.org,Male,198.251.25.227
850,Celestina,Benyon,cbenyonnl@123-reg.co.uk,Female,226.110.183.165
851,Amerigo,O'Farris,aofarrisnm@cnn.com,Male,54.235.227.214
852,Anallise,Lusted,alustednn@feedburner.com,Female,201.149.238.79
853,Robby,Mechic,rmechicno@oaic.gov.au,Male,223.2.242.70
854,Elsa,Jecock,ejecocknp@blog.com,Female,147.141.67.129
855,Romy,Petegre,rpetegrenq@admin.ch,Female,90.180.237.251
856,Rebeka,Jore,rjorenr@photobucket.com,Female,21.180.237.56
857,Gavrielle,Mussen,gmussenns@cloudflare.com,Female,78.166.147.23
858,Joete,Knight,jknightnt@pinterest.com,Female,252.226.35.195
859,Kelsey,Smoth,ksmothnu@bigcartel.com,Female,196.148.199.164
860,Gaylor,Zarfati,gzarfatinv@cmu.edu,Male,107.33.246.174
861,Jermain,Humphries,jhumphriesnw@yellowbook.com,Male,143.235.155.187
862,Godiva,Mattock,gmattocknx@multiply.com,Female,42.169.241.227
863,Gene,Ventum,gventumny@wix.com,Female,19.95.234.196
864,Liam,Hebborne,lhebbornenz@is.gd,Male,247.25.213.66
865,Ludovico,Astle,lastleo0@taobao.com,Male,228.74.137.224
866,Fidole,Bartod,fbartodo1@indiegogo.com,Male,160.249.69.171
867,Jourdan,McKim,jmckimo2@live.com,Female,83.122.167.98
868,Arlie,Trobey,atrobeyo3@flavors.me,Female,70.74.12.148
869,Jacenta,Plett,jpletto4@irs.gov,Female,16.212.9.207
870,Lou,Campling,lcamplingo5@networkadvertising.org,Female,152.134.114.97
871,Alexandro,Cavet,acaveto6@google.ca,Male,162.115.121.170
872,Cary,Kellogg,ckelloggo7@over-blog.com,Female,42.102.168.125
873,Butch,Gorini,bgorinio8@seesaa.net,Male,59.80.14.44
874,Hazlett,Saffin,hsaffino9@linkedin.com,Male,33.16.20.6
875,Kessiah,Emanuel,kemanueloa@mayoclinic.com,Female,106.63.18.210
876,Matt,Argile,margileob@sohu.com,Genderqueer,126.202.245.13
877,Ethelbert,Van den Oord,evandenoordoc@naver.com,Genderqueer,102.152.52.133
878,Cary,Nowaczyk,cnowaczykod@delicious.com,Female,174.3.15.68
879,Agnesse,McOnie,amconieoe@dropbox.com,Female,59.205.76.31
880,Octavia,Brinklow,obrinklowof@soundcloud.com,Female,2.44.124.213
881,Gisella,Parren,gparrenog@ning.com,Female,196.253.100.101
882,Tiler,Sapauton,tsapautonoh@wikipedia.org,Male,147.31.162.111
883,Hunfredo,Sprouls,hsproulsoi@youtube.com,Male,199.60.231.31
884,Georges,Gowlett,ggowlettoj@blog.com,Male,107.82.144.40
885,Kenton,Cretney,kcretneyok@ihg.com,Male,104.45.187.93
886,Phillie,Dickon,pdickonol@vistaprint.com,Female,17.95.243.219
887,Demetre,Epgrave,depgraveom@senate.gov,Male,108.238.152.50
888,Millard,Antonsson,mantonssonon@virginia.edu,Male,90.91.75.245
889,Gwenora,Heistermann,gheistermannoo@slideshare.net,Female,192.218.154.22
890,Wendall,Buy,wbuyop@abc.net.au,Male,36.53.212.117
891,Dede,Dailly,ddaillyoq@deviantart.com,Agender,58.74.187.231
892,Ambrosi,Adacot,aadacotor@prnewswire.com,Male,185.216.135.102
893,Edmon,Heinish,eheinishos@buzzfeed.com,Bigender,23.125.215.177
894,Rhona,Karsh,rkarshot@sfgate.com,Female,136.202.134.229
895,Hetty,Gumby,hgumbyou@economist.com,Female,136.110.65.51
896,Mannie,Traill,mtraillov@marketwatch.com,Male,189.124.172.248
897,Regan,Warby,rwarbyow@wordpress.com,Male,215.167.58.88
898,Alaine,Keemar,akeemarox@loc.gov,Polygender,242.52.106.185
899,Fanchette,Perree,fperreeoy@columbia.edu,Female,215.157.236.111
900,Marcellus,Garrod,mgarrodoz@ow.ly,Male,251.200.58.59
901,Clayborne,Sparling,csparlingp0@dot.gov,Male,202.48.79.237
902,Harwilll,Hedlestone,hhedlestonep1@hatena.ne.jp,Male,200.90.218.201
903,Tabby,Trewhitt,ttrewhittp2@creativecommons.org,Male,139.241.81.11
904,Avivah,Yegorkin,ayegorkinp3@photobucket.com,Agender,216.207.115.245
905,Vania,Simmon,vsimmonp4@about.me,Female,51.136.204.86
906,Stanleigh,Malins,smalinsp5@alibaba.com,Male,232.129.194.129
907,Enriqueta,Beneze,ebenezep6@mapquest.com,Female,117.0.43.187
908,Shermie,Kesper,skesperp7@ocn.ne.jp,Genderqueer,0.55.174.205
909,Sancho,Bollands,sbollandsp8@angelfire.com,Male,96.39.241.62
910,Micki,Plaistowe,mplaistowep9@opera.com,Female,21.109.71.18
911,Aldric,Belchamp,abelchamppa@hubpages.com,Male,191.42.17.123
912,Jana,Cordeiro,jcordeiropb@booking.com,Female,79.10.236.126
913,Delainey,Clausner,dclausnerpc@mlb.com,Male,132.206.153.20
914,Gillie,Beck,gbeckpd@loc.gov,Agender,105.191.112.82
915,Stanislaw,Coon,scoonpe@google.ru,Male,115.73.148.66
916,Nicky,Rosell,nrosellpf@amazon.co.jp,Female,159.234.246.111
917,Wash,Rens,wrenspg@intel.com,Male,186.15.200.119
918,Clyve,Arundel,carundelph@ebay.com,Male,30.230.102.198
919,Bell,Hullbrook,bhullbrookpi@woothemes.com,Female,186.243.246.145
920,Bendicty,Abbiss,babbisspj@discuz.net,Non-binary,162.155.203.206
921,Conant,Greet,cgreetpk@php.net,Non-binary,141.22.49.231
922,Obediah,Mortimer,omortimerpl@uiuc.edu,Male,201.4.164.177
923,Stu,Chipchase,schipchasepm@jigsy.com,Male,248.124.157.205
924,Jolyn,Carnew,jcarnewpn@devhub.com,Female,95.137.152.84
925,James,Backhouse,jbackhousepo@indiegogo.com,Male,233.181.118.249
926,Dael,Mallison,dmallisonpp@merriam-webster.com,Genderqueer,242.146.20.219
927,Thorsten,Wybrow,twybrowpq@homestead.com,Male,147.109.118.140
928,Lionello,De Haven,ldehavenpr@elpais.com,Male,69.125.156.23
929,Nita,Venart,nvenartps@go.com,Polygender,105.176.219.160
930,Rhea,Marland,rmarlandpt@arizona.edu,Genderfluid,253.230.120.158
931,Richie,Frankel,rfrankelpu@ocn.ne.jp,Male,168.60.146.78
932,Claretta,O'Corrin,cocorrinpv@ycombinator.com,Non-binary,7.172.122.94
933,Nicholas,Lister,nlisterpw@jalbum.net,Male,75.200.79.58
934,Ginnie,Chipchase,gchipchasepx@sina.com.cn,Bigender,100.65.154.199
935,Talyah,Farre,tfarrepy@weather.com,Female,138.92.151.159
936,Moe,Coode,mcoodepz@goo.ne.jp,Genderqueer,207.97.153.17
937,Chane,Fossord,cfossordq0@mapy.cz,Non-binary,20.86.87.9
938,Cullan,Caseborne,ccaseborneq1@bloglines.com,Male,14.30.166.38
939,Amalee,Kilkenny,akilkennyq2@businessinsider.com,Female,37.217.152.148
940,Philip,Markos,pmarkosq3@simplemachines.org,Male,200.219.194.246
941,Carey,Patemore,cpatemoreq4@army.mil,Male,115.32.57.243
942,Byram,Ledster,bledsterq5@dailymotion.com,Male,210.206.48.249
943,Octavia,Wenger,owengerq6@go.com,Female,28.13.28.152
944,Johnette,Pedler,jpedlerq7@imdb.com,Female,31.15.53.67
945,Rosetta,Cardo,rcardoq8@slate.com,Female,5.23.63.170
946,Oswell,Mosedill,omosedillq9@omniture.com,Male,54.32.114.171
947,Hildagarde,Meader,hmeaderqa@meetup.com,Female,237.208.144.60
948,Reagen,Nelson,rnelsonqb@infoseek.co.jp,Male,119.23.178.77
949,Russell,Muckle,rmuckleqc@networksolutions.com,Male,181.14.187.147
950,Jacenta,Joyner,jjoynerqd@google.pl,Female,222.31.0.222
951,Francois,Wordesworth,fwordesworthqe@fda.gov,Male,93.189.8.131
952,Leshia,Pulbrook,lpulbrookqf@bbb.org,Female,84.98.90.170
953,Tori,Behnecke,tbehneckeqg@storify.com,Female,33.146.111.52
954,Thain,Rissen,trissenqh@wiley.com,Male,226.82.45.70
955,Cornelia,McPike,cmcpikeqi@earthlink.net,Polygender,168.248.74.173
956,Branden,Kill,bkillqj@nymag.com,Male,4.148.104.197
957,Trip,Kemell,tkemellqk@telegraph.co.uk,Male,18.42.223.131
958,Jerome,Melville,jmelvilleql@berkeley.edu,Male,252.6.227.218
959,Ardis,Bobasch,abobaschqm@sphinn.com,Female,102.207.96.110
960,Ethan,Spawton,espawtonqn@pen.io,Male,230.16.1.168
961,Laurie,Fortun,lfortunqo@ask.com,Male,223.255.51.11
962,Robb,De Malchar,rdemalcharqp@cnbc.com,Male,153.149.14.96
963,Nathanael,Rubinsaft,nrubinsaftqq@shareasale.com,Male,72.17.218.95
964,Marybelle,Longford,mlongfordqr@blogtalkradio.com,Female,21.98.83.81
965,Lira,Twiname,ltwinameqs@51.la,Female,244.175.84.157
966,Kynthia,Ambridge,kambridgeqt@ted.com,Agender,33.44.236.205
967,Allyn,Everall,aeverallqu@networkadvertising.org,Male,250.81.196.180
968,Rici,Dobbyn,rdobbynqv@ebay.co.uk,Female,65.65.221.240
969,Austine,Mullins,amullinsqw@webs.com,Female,223.37.96.222
970,Zenia,Sandiford,zsandifordqx@sourceforge.net,Female,19.192.4.83
971,Goran,Bannester,gbannesterqy@ibm.com,Male,244.98.9.93
972,Jonathan,McKelvey,jmckelveyqz@mlb.com,Male,182.16.185.14
973,Evania,Jeannenet,ejeannenetr0@forbes.com,Genderfluid,38.27.177.86
974,Xavier,Dodle,xdodler1@mysql.com,Male,241.169.224.61
975,Ianthe,Boylan,iboylanr2@people.com.cn,Female,220.71.209.145
976,Luise,Lyptratt,llyptrattr3@flickr.com,Genderfluid,193.31.157.107
977,Fanny,Ruby,frubyr4@craigslist.org,Female,108.38.94.79
978,Faunie,Hodgen,fhodgenr5@pen.io,Female,142.55.77.66
979,Curry,Hallbird,challbirdr6@skyrock.com,Male,245.111.133.185
980,Rosalie,Guise,rguiser7@nationalgeographic.com,Female,33.39.204.108
981,Benita,Schoffler,bschofflerr8@buzzfeed.com,Genderfluid,84.184.21.173
982,Gizela,Pover,gpoverr9@lycos.com,Female,153.69.115.184
983,Neila,Byas,nbyasra@hatena.ne.jp,Female,224.53.17.193
984,Tybi,Magrannell,tmagrannellrb@gmpg.org,Female,239.156.30.131
985,Marcos,Blakeden,mblakedenrc@hc360.com,Male,84.221.141.175
986,Paola,Shegog,pshegogrd@cbc.ca,Female,34.107.51.216
987,Sunny,Artindale,sartindalere@liveinternet.ru,Male,89.58.19.27
988,Erica,Plevin,eplevinrf@wordpress.org,Female,65.183.5.242
989,Nora,Gash,ngashrg@opera.com,Female,205.164.116.179
990,Guthrey,Deddum,gdeddumrh@spotify.com,Male,52.72.154.247
991,Darell,Grimsdell,dgrimsdellri@bbc.co.uk,Female,66.71.192.209
992,Micaela,Melhuish,mmelhuishrj@discovery.com,Female,90.188.139.132
993,Travers,Dunmore,tdunmorerk@goo.ne.jp,Male,210.162.224.55
994,Tabbi,Kleinsmuntz,tkleinsmuntzrl@yolasite.com,Female,113.179.199.10
995,Thom,Moles,tmolesrm@4shared.com,Male,90.224.121.38
996,Mahala,Kiltie,mkiltiern@aboutads.info,Female,12.123.174.68
997,Skye,Llywarch,sllywarchro@clickbank.net,Male,77.52.239.52
998,Teddie,Menat,tmenatrp@utexas.edu,Male,90.184.190.153
999,Rurik,Sinkins,rsinkinsrq@moonfruit.com,Polygender,129.20.243.122
1000,Fransisco,Slopier,fslopierrr@economist.com,Male,220.16.177.69
